{
  "chainer": {
    "in": [
      "question_raw"
    ],
    "out": [
      "best_answer"
    ],
    "pipe": [
      {
        "config_path": "unified.ranker.tfidf.json",
        "in": [
          "question_raw"
        ],
        "out": [
          "tfidf_doc_ids"
        ]
      },
      {
        "class_name": "wiki_sqlite:WikiSQLite",
        "in": [
          "tfidf_doc_ids"
        ],
        "out": [
          "tfidf_doc_text"
        ],
        "join_docs": false,
        "shuffle": false,
        "load_path": "enwiki.db"
      },
      {
        "class_name": "odqa_preprocessors:DocumentChunker",
        "in": ["tfidf_doc_text"],
        "out": ["chunks"],
        "flatten_result": true,
        "paragraphs": false
      },
      {
        "class_name": "string_multiplier",
        "in": ["question_raw", "chunks"],
        "out":["questions"]
      },
      {
        "class_name": "nesh_logit_ranker:NeshLogitRanker",
        "batch_size": 50,
        "squad_model": {"config_path": "{CONFIGS_PATH}/squad/multi_squad_noans.json"},
        "sort_noans": true,
        "in": [
          "chunks",
          "questions"
        ],
        "out": [
          "best_answer",
          "best_answer_score"
        ]
      }
    ]
  },
  "metadata": {
    "variables": {
      "ROOT_PATH": "s3://eqnrdb/sagemaker",
      "DOWNLOADS_PATH": "s3://eqnrdb/sagemaker",
      "MODELS_PATH": "/publicqadb/models/unified",
      "CONFIGS_PATH": "{DEEPPAVLOV_PATH}/configs"
    },
    "requirements": [
      "{DEEPPAVLOV_PATH}/requirements/tf.txt",
      "{DEEPPAVLOV_PATH}/requirements/spacy.txt",
      "{DEEPPAVLOV_PATH}/requirements/en_core_web_sm.txt"
    ],
    "labels": {
      "server_utils": "ODQA"
    },
    "download": [
    ]
  }
}

